english,devanagari,devanagari_informal,roman,roman_informal
Could you please tell me where the station is?,के तपाईँ कृपया मलाई बताउन सक्नुहुन्छ कि स्टेसन कहाँ छ?,के तिमी कृपया मलाई बताउन सक्छौ कि स्टेसन कहाँ छ?,ke tapaaiin kripayaa malaaii bataauna saknuhunchha ki stesana kahaan chha?,ke timii kripayaa malaaii bataauna sakchhau ki stesana kahaan chha?
"Sir, would you like some tea?","सर, तपाईँलाई केही चिया चाहिएको छ?","सर, तिमीलाई केही चिया चाहिएको छ?","sara, tapaaiinlaaii kehii chiyaa chaahieko chha?","sara, timiilaaii kehii chiyaa chaahieko chha?"
I respectfully request that you review this document.,म सम्मानपूर्वक अनुरोध गर्दछु कि तपाईँले यो कागजातको समीक्षा गर्नुहोस्।,म सम्मानपूर्वक अनुरोध गर्दछु कि तिमीले यो कागजातको समीक्षा गर।,ma sammaanapuurwaka anurodha gardachhu ki tapaaiinle yo kaagajaatako samiikshaa garnuhos.,ma sammaanapuurwaka anurodha gardachhu ki timiile yo kaagajaatako samiikshaa gara.
May I ask how you are feeling today?,के म तपाईँलाई सोध्न सक्छु कि तपाईँ आज कस्तो महसुस गर्दै हुनुहुन्छ?,के म तिमीलाई सोध्न सक्छु कि तिमी आज कस्तो महसुस गर्दै छौ?,ke ma tapaaiinlaaii sodhna sakchhu ki tapaaiin aaja kasto mahasusa gardai hunuhunchha?,ke ma timiilaaii sodhna sakchhu ki timii aaja kasto mahasusa gardai chhau?
Please wait here until the doctor arrives.,डाक्टर नआउन्जेल कृपया यहाँ पर्खनुहोस्।,डाक्टर नआउन्जेल कृपया यहाँ पर्ख।,daaktara naaaunjela kripayaa yahaan parkhanuhos.,daaktara naaaunjela kripayaa yahaan parkha.
Would you be able to help me with this form?,के तपाईँ मलाई यो फारममा मद्दत गर्न सक्नुहुन्छ?,के तिमी मलाई यो फारममा मद्दत गर्न सक्छौ?,ke tapaaiin malaaii yo phaaramamaa maddata garna saknuhunchha?,ke timii malaaii yo phaaramamaa maddata garna sakchhau?
Thank you for your kind assistance.,तपाईँको दयालु सहयोगका लागि धन्यवाद।,तिमीको दयालु सहयोगका लागि धन्यवाद।,tapaaiinko dayaalu sahayogakaa laagi dhanyawaada.,timiiko dayaalu sahayogakaa laagi dhanyawaada.
"Where do you work, if I may ask?",यदि मैले सोध्न सक्छु भने तपाईँ कहाँ काम गर्नुहुन्छ?,यदि मैले सोध्न सक्छु भने तिमी कहाँ काम गर्नुहुन्छ?,yadi maile sodhna sakchhu bhane tapaaiin kahaan kaama garnuhunchha?,yadi maile sodhna sakchhu bhane timii kahaan kaama garnuhunchha?
"Hey, where are you going?","हे, कहाँ जाँदैछौ?","हे, कहाँ जाँदैछौ?","he, kahaan jaandaichhau?","he, kahaan jaandaichhau?"
"Come on, hurry up!","आउनुहोस्, चाँडै!","आऊ, चाँडै!","aaunuhos, chaandai!","aauu, chaandai!"
Did you eat yet?,तपाईँले अझै पनि खानुभएको छ?,तिमीले अझै पनि खानुभएको छ?,tapaaiinle ajhai pani khaanubhaeko chha?,timiile ajhai pani khaanubhaeko chha?
Call me when you get home.,घर पुग्दा मलाई फोन गर्नुहोस्।,घर पुग्दा मलाई फोन गर।,ghara pugdaa malaaii phona garnuhos.,ghara pugdaa malaaii phona gara.
Why didn't you tell me earlier?,मलाई पहिले नै किन भन्नुभएन?,मलाई पहिले नै किन भन्नुभएन?,malaaii pahile nai kina bhannubhaena?,malaaii pahile nai kina bhannubhaena?
Let's hang out this evening.,आज साँझ बाहिर हङ्गआउट गरौँ।,आज साँझ बाहिर हङ्गआउट गरौँ।,aaja saanjha baahira hanggaaauta garaun.,aaja saanjha baahira hanggaaauta garaun.
"You look tired, bro.","तपाईँ थकित देखिँदै हुनुहुन्छ, भाइ।","तिमी थकित देखिँदै छौ, भाइ।","tapaaiin thakita dekhindai hunuhunchha, bhaai.","timii thakita dekhindai chhau, bhaai."
About Us,हाम्रो बारेमा,हाम्रो बारेमा,haamro baaremaa,haamro baaremaa
Introduction,परिचय,परिचय,parichaya,parichaya
Vision and Mission,दर्शन र मिसन,दर्शन र मिसन,darshana ra misana,darshana ra misana
Duties and Powers,कर्तव्य र शक्तिहरू,कर्तव्य र शक्तिहरू,kartawya ra shaktiharuu,kartawya ra shaktiharuu
Organization Structure,सङ्गठन संरचना,सङ्गठन संरचना,sanggathana snrachanaa,sanggathana snrachanaa
Officials and Employees,अधिकारी र कर्मचारीहरू,अधिकारी र कर्मचारीहरू,adhikaarii ra karmachaariiharuu,adhikaarii ra karmachaariiharuu
Former Chairpersons,पूर्व अध्यक्षहरू,पूर्व अध्यक्षहरू,puurwa adhyakshaharuu,puurwa adhyakshaharuu
Services,सेवाहरू,सेवाहरू,sewaaharuu,sewaaharuu
Law Drafting,कानूनको प्रारूपण,कानूनको प्रारूपण,kaanuunako praaruupana,kaanuunako praaruupana
Research and Study,अनुसन्धान र अध्ययन,अनुसन्धान र अध्ययन,anusandhaana ra adhyayana,anusandhaana ra adhyayana
Existing Laws,विद्यमान कानुनहरू,विद्यमान कानुनहरू,widyamaana kaanunaharuu,widyamaana kaanunaharuu
Constitution,संविधान,संविधान,snwidhaana,snwidhaana
Acts,कार्यहरू,कार्यहरू,kaaryaharuu,kaaryaharuu
Recent Acts,हालैका अधिनियमहरू,हालैका अधिनियमहरू,haalaikaa adhiniyamaharuu,haalaikaa adhiniyamaharuu
By Volume,मात्रा अनुसार,मात्रा अनुसार,maatraa anusaara,maatraa anusaara
Alphabetical List,वर्णानुक्रम सूची,वर्णानुक्रम सूची,warnaanukrama suuchii,warnaanukrama suuchii
Ordinances,अध्यादेशहरू,अध्यादेशहरू,adhyaadeshaharuu,adhyaadeshaharuu
Regulations,नियमहरू,नियमहरू,niyamaharuu,niyamaharuu
Formation Orders,गठन आदेशहरू,गठन आदेशहरू,gathana aadeshaharuu,gathana aadeshaharuu
Repealed Laws,खारेज गरिएका कानुनहरू,खारेज गरिएका कानुनहरू,khaareja gariekaa kaanunaharuu,khaareja gariekaa kaanunaharuu
Repealed Acts,खारेज गरिएका अधिनियमहरू,खारेज गरिएका अधिनियमहरू,khaareja gariekaa adhiniyamaharuu,khaareja gariekaa adhiniyamaharuu
Repealed Ordinances,खारेज गरिएका अध्यादेशहरू,खारेज गरिएका अध्यादेशहरू,khaareja gariekaa adhyaadeshaharuu,khaareja gariekaa adhyaadeshaharuu
Repealed Regulations,खारेज गरिएका नियमहरू,खारेज गरिएका नियमहरू,khaareja gariekaa niyamaharuu,khaareja gariekaa niyamaharuu
Policies,नीतिहरू,नीतिहरू,niitiharuu,niitiharuu
International Treaties and Agreements,अन्तर्राष्ट्रिय सन्धि र सम्झौता,अन्तर्राष्ट्रिय सन्धि र सम्झौता,antarraashtriya sandhi ra samjhautaa,antarraashtriya sandhi ra samjhautaa
Historical Documents,ऐतिहासिक दस्तावेजहरू,ऐतिहासिक दस्तावेजहरू,aitihaasika dastaawejaharuu,aitihaasika dastaawejaharuu
Other,अन्य,अन्य,anya,anya
Information Center,सूचना केन्द्र,सूचना केन्द्र,suuchanaa kendra,suuchanaa kendra
Annual Report,वार्षिक प्रतिवेदन,वार्षिक प्रतिवेदन,waarshika pratiwedana,waarshika pratiwedana
Contact,सम्पर्क गर्नुहोस्,सम्पर्क गर,samparka garnuhos,samparka gara
Contact Address,सम्पर्क ठेगाना,सम्पर्क ठेगाना,samparka thegaanaa,samparka thegaanaa
Suggestions and Complaints,सुझाव र उजुरीहरू,सुझाव र उजुरीहरू,sujhaawa ra ujuriiharuu,sujhaawa ra ujuriiharuu
Frequently Asked Questions,प्रायः सोधिने प्रश्नहरू,प्रायः सोधिने प्रश्नहरू,praayh sodhine prashnaharuu,praayh sodhine prashnaharuu
Government of Nepal,नेपाल सरकार,नेपाल सरकार,nepaala sarakaara,nepaala sarakaara
Nepal Law Commission,नेपाल विधि आयोग,नेपाल विधि आयोग,nepaala widhi aayoga,nepaala widhi aayoga
"New Baneshwor, Kathmandu","नयाँ बनेश्वर, काठमाडौँ","नयाँ बनेश्वर, काठमाडौँ","nayaan baneshwara, kaathamaadaun","nayaan baneshwara, kaathamaadaun"
Select Language,भाषा चयन गर्नुहोस्,भाषा चयन गर,bhaashaa chayana garnuhos,bhaashaa chayana gara
Search,खोज्नुहोस्,खोज्नुहोस्,khojnuhos,khojnuhos
Important Notice,महत्त्वपूर्ण सूचना,महत्त्वपूर्ण सूचना,mahattwapuurna suuchanaa,mahattwapuurna suuchanaa
Office Hours,कार्यालय समय,कार्यालय समय,kaaryaalaya samaya,kaaryaalaya samaya
Home,घर,घर,ghara,ghara
Download,डाउनलोड गर्नुहोस्,डाउनलोड गर,daaunaloda garnuhos,daaunaloda gara
Read More,थप पढ्नुहोस्,थप पढ्नुहोस्,thapa padhnuhos,thapa padhnuhos
Previous,अघिल्लो,अघिल्लो,aghillo,aghillo
Next,अर्को,अर्को,arko,arko
Submit,पेस गर्नुहोस्,पेस गर,pesa garnuhos,pesa gara
Cancel,रद्द गर्नुहोस्,रद्द गर,radda garnuhos,radda gara
Close,बन्द गर्नुहोस्,बन्द गर,banda garnuhos,banda gara
Back,फर्कियो।,फर्कियो।,pharkiyo.,pharkiyo.
Share,साझा गर्नुहोस्,साझा गर,saajhaa garnuhos,saajhaa gara
"The Commission consists of nine members including the Chairperson, Vice-chairperson and seven members.","आयोग अध्यक्ष, उपाध्यक्ष र सात सदस्यसहित नौ सदस्य रहेको छ।","आयोग अध्यक्ष, उपाध्यक्ष र सात सदस्यसहित नौ सदस्य रहेको छ।","aayoga adhyaksha, upaadhyaksha ra saata sadasyasahita nau sadasya raheko chha.","aayoga adhyaksha, upaadhyaksha ra saata sadasyasahita nau sadasya raheko chha."
"The Secretary at the Ministry of Law, Justice and Parliamentary Affairs, Secretary (Law) at the Office of the Prime Minister and Council of Ministers, Deputy Attorney General nominated by the Attorney General of Nepal and the Secretary at the NLC, who also serves as a Member-Secretary, are ex-officio members.","कानुन, न्याय तथा संसदीय मामिला विभागका सचिव, प्रधानमन्त्री तथा मन्त्रिपरिषद् कार्यालयमा सचिव (कानुन), नेपालका महान्यायाधिवक्ताद्वारा मनोनीत महान्यायाधिवक्ता तथा एनएलसीका सचिव, जसले सदस्य-सचिवको रूपमा पनि काम गर्छन्, पदेन सदस्य हुन्।","कानुन, न्याय तथा संसदीय मामिला विभागका सचिव, प्रधानमन्त्री तथा मन्त्रिपरिषद् कार्यालयमा सचिव (कानुन), नेपालका महान्यायाधिवक्ताद्वारा मनोनीत महान्यायाधिवक्ता तथा एनएलसीका सचिव, जसले सदस्य-सचिवको रूपमा पनि काम गर्छन्, पदेन सदस्य हुन्।","kaanuna, nyaaya tathaa snsadiiya maamilaa wibhaagakaa sachiwa, pradhaanamantrii tathaa mantriparishad kaaryaalayamaa sachiwa (kaanuna), nepaalakaa mahaanyaayaadhiwaktaadwaaraa manoniita mahaanyaayaadhiwaktaa tathaa enaelasiikaa sachiwa, jasale sadasya-sachiwako ruupamaa pani kaama garchhan, padena sadasya hun.","kaanuna, nyaaya tathaa snsadiiya maamilaa wibhaagakaa sachiwa, pradhaanamantrii tathaa mantriparishad kaaryaalayamaa sachiwa (kaanuna), nepaalakaa mahaanyaayaadhiwaktaadwaaraa manoniita mahaanyaayaadhiwaktaa tathaa enaelasiikaa sachiwa, jasale sadasya-sachiwako ruupamaa pani kaama garchhan, padena sadasya hun."
The Government may appoint up to five members as honorary members to the Commission from amongst outstanding experts in the pertinent field.,सरकारले सम्बन्धित क्षेत्रका उत्कृष्ट विज्ञहरू मध्येबाट पाँच जनासम्मलाई आयोगको मानार्थ सदस्यका रूपमा नियुक्त गर्न सक्छ।,सरकारले सम्बन्धित क्षेत्रका उत्कृष्ट विज्ञहरू मध्येबाट पाँच जनासम्मलाई आयोगको मानार्थ सदस्यका रूपमा नियुक्त गर्न सक्छ।,sarakaarale sambandhita kshetrakaa utkrishta wijnyaharuu madhyebaata paancha janaasammalaaii aayogako maanaartha sadasyakaa ruupamaa niyukta garna sakchha.,sarakaarale sambandhita kshetrakaa utkrishta wijnyaharuu madhyebaata paancha janaasammalaaii aayogako maanaartha sadasyakaa ruupamaa niyukta garna sakchha.
"1 Initiation of tasks: The commission may initiate drafting and law reform process either on referral of the concerned ministry or on its own. It may also receive a proposal from stakeholders, i.e. individual, non-governmental organization, civil society and community organization.","1 कार्यहरूको प्रारम्भः आयोगले सम्बन्धित मन्त्रालयको रेफरलमा वा आफ्नै रूपमा मस्यौदा र कानून सुधार प्रक्रिया सुरु गर्न सक्छ। यसले व्यक्तिगत, गैर-सरकारी संस्था, नागरिक समाज र सामुदायिक सङ्गठन जस्ता हितधारकहरूबाट पनि प्रस्ताव प्राप्त गर्न सक्छ।","1 कार्यहरूको प्रारम्भः आयोगले सम्बन्धित मन्त्रालयको रेफरलमा वा आफ्नै रूपमा मस्यौदा र कानून सुधार प्रक्रिया सुरु गर्न सक्छ। यसले व्यक्तिगत, गैर-सरकारी संस्था, नागरिक समाज र सामुदायिक सङ्गठन जस्ता हितधारकहरूबाट पनि प्रस्ताव प्राप्त गर्न सक्छ।","1 kaaryaharuuko praarambhh aayogale sambandhita mantraalayako repharalamaa waa aaphnai ruupamaa masyaudaa ra kaanuuna sudhaara prakriyaa suru garna sakchha. yasale wyaktigata, gaira-sarakaarii snsthaa, naagarika samaaja ra saamudaayika sanggathana jastaa hitadhaarakaharuubaata pani prastaawa praapta garna sakchha.","1 kaaryaharuuko praarambhh aayogale sambandhita mantraalayako repharalamaa waa aaphnai ruupamaa masyaudaa ra kaanuuna sudhaara prakriyaa suru garna sakchha. yasale wyaktigata, gaira-sarakaarii snsthaa, naagarika samaaja ra saamudaayika sanggathana jastaa hitadhaarakaharuubaata pani prastaawa praapta garna sakchha."
You are welcome.,तपाईँलाई स्वागत छ।,तिमीलाई स्वागत छ।,tapaaiinlaaii swaagata chha.,timiilaaii swaagata chha.
I am sorry.,म माफी माग्न चाहन्छु।,म माफी माग्न चाहन्छु।,ma maaphii maagna chaahanchhu.,ma maaphii maagna chaahanchhu.
Yes.,हो।,हो।,ho.,ho.
No.,होइन।,होइन।,hoina.,hoina.
Please.,कृपया।,कृपया।,kripya.,kripya.
Where are you from?,कहाँबाट आउनुहुन्छ?,कहाँबाट आउनुहुन्छ?,kahaanbaata aaunuhunchha?,kahaanbaata aaunuhunchha?
I am from Nepal.,म नेपालबाट हुँ।,म नेपालबाट हुँ।,ma nepaalabaata hun.,ma nepaalabaata hun.
What does this mean?,यसको अर्थ के हो?,यसको अर्थ के हो?,yasako artha ke ho?,yasako artha ke ho?
How far is it?,कति टाढामा छ?,कति टाढामा छ?,kati taadhaamaa chha?,kati taadhaamaa chha?
Turn left.,बायाँतिर फर्कनुहोस्।,बायाँतिर फर्कनुहोस्।,baayaantira pharkanuhos.,baayaantira pharkanuhos.
Turn right.,दायाँतिर फर्कनुहोस्।,दायाँतिर फर्कनुहोस्।,daayaantira pharkanuhos.,daayaantira pharkanuhos.
Go straight.,सिधा जानुहोस्।,सिधा जाऊ।,sidhaa jaanuhos.,sidhaa jaauu.
That is too expensive.,त्यो धेरै महँगो छ।,त्यो धेरै महँगो छ।,tyo dherai mahngo chha.,tyo dherai mahngo chha.
Do you have a smaller size?,के तपाईँसँग सानो आकार छ?,के तिमीसँग सानो आकार छ?,ke tapaaiinsnga saano aakaara chha?,ke timiisnga saano aakaara chha?
I would like this.,म यो चाहन्छु।,म यो चाहन्छु।,ma yo chaahanchhu.,ma yo chaahanchhu.
I do not want this.,मलाई यो चाहिएको छैन।,मलाई यो चाहिएको छैन।,malaaii yo chaahieko chhaina.,malaaii yo chaahieko chhaina.
Can I pay by card?,के म कार्डद्वारा भुक्तानी गर्न सक्छु?,के म कार्डद्वारा भुक्तानी गर्न सक्छु?,ke ma kaardadwaaraa bhuktaanii garna sakchhu?,ke ma kaardadwaaraa bhuktaanii garna sakchhu?
Please give me a receipt.,कृपया मलाई एउटा रसिद दिनुहोस्।,कृपया मलाई एउटा रसिद देऊ।,kripayaa malaaii eutaa rasida dinuhos.,kripayaa malaaii eutaa rasida deuu.
I do not eat meat.,म मासु खाँदिनँ।,म मासु खाँदिनँ।,ma maasu khaandinn.,ma maasu khaandinn.
Is this vegetarian?,के यो शाकाहारी हो?,के यो शाकाहारी हो?,ke yo shaakaahaarii ho?,ke yo shaakaahaarii ho?
I have an allergy.,मलाई एलर्जी छ।,मलाई एलर्जी छ।,malaaii elarjii chha.,malaaii elarjii chha.
I am sick.,म बिरामी छु।,म बिरामी छु।,ma biraamii chhu.,ma biraamii chhu.
I have a fever.,मलाई ज्वरो आएको छ।,मलाई ज्वरो आएको छ।,malaaii jwaro aaeko chha.,malaaii jwaro aaeko chha.
Where does it hurt?,कहाँ दुखाइ हुन्छ?,कहाँ दुखाइ हुन्छ?,kahaan dukhaai hunchha?,kahaan dukhaai hunchha?
Please come with me.,कृपया मसँगै आउनुहोस्।,कृपया मसँगै आऊ।,kripayaa masngai aaunuhos.,kripayaa masngai aauu.
Please stand here.,कृपया यहाँ खडा हुनुहोस्।,कृपया यहाँ खडा हुनुहोस्।,kripayaa yahaan khadaa hunuhos.,kripayaa yahaan khadaa hunuhos.
When will it arrive?,यो कहिले आउनेछ?,यो कहिले आउनेछ?,yo kahile aaunechha?,yo kahile aaunechha?
I will come tomorrow.,म भोलि आउनेछु।,म भोलि आउनेछु।,ma bholi aaunechhu.,ma bholi aaunechhu.
I came yesterday.,म हिजो आएको हुँ।,म हिजो आएको हुँ।,ma hijo aaeko hun.,ma hijo aaeko hun.
I live in Kathmandu.,म काठमाडौँमा बस्छु।,म काठमाडौँमा बस्छु।,ma kaathamaadaunmaa baschhu.,ma kaathamaadaunmaa baschhu.
Please call me.,कृपया मलाई फोन गर्नुहोस्।,कृपया मलाई फोन गर।,kripayaa malaaii phona garnuhos.,kripayaa malaaii phona gara.
Send me a message.,मलाई एउटा सन्देश पठाउनुहोस्।,मलाई एउटा सन्देश पठाउनुहोस्।,malaaii eutaa sandesha pathaaunuhos.,malaaii eutaa sandesha pathaaunuhos.
The network is not working.,नेटवर्कले काम गरिरहेको छैन।,नेटवर्कले काम गरिरहेको छैन।,netawarkale kaama gariraheko chhaina.,netawarkale kaama gariraheko chhaina.
My phone has no battery.,मेरो फोनमा ब्याट्री छैन।,मेरो फोनमा ब्याट्री छैन।,mero phonamaa byaatrii chhaina.,mero phonamaa byaatrii chhaina.
Please pass the phone.,कृपया फोन पास गर्नुहोस्।,कृपया फोन पास गर।,kripayaa phona paasa garnuhos.,kripayaa phona paasa gara.
I have finished speaking.,मैले कुरा समाप्त गरें।,मैले कुरा समाप्त गरें।,maile kuraa samaapta garen.,maile kuraa samaapta garen.
Please try again.,कृपया फेरि प्रयास गर्नुहोस्।,कृपया फेरि प्रयास गर।,kripayaa pheri prayaasa garnuhos.,kripayaa pheri prayaasa gara.
The translation is loading.,अनुवाद लोड भइरहेको छ।,अनुवाद लोड भइरहेको छ।,anuwaada loda bhairaheko chha.,anuwaada loda bhairaheko chha.
Please check the translation.,कृपया अनुवाद जाँच गर्नुहोस्।,कृपया अनुवाद जाँच गर।,kripayaa anuwaada jaancha garnuhos.,kripayaa anuwaada jaancha gara.
That translation is wrong.,त्यो अनुवाद गलत छ।,त्यो अनुवाद गलत छ।,tyo anuwaada galata chha.,tyo anuwaada galata chha.
That translation is correct.,त्यो अनुवाद सही छ।,त्यो अनुवाद सही छ।,tyo anuwaada sahii chha.,tyo anuwaada sahii chha.
Please use formal language.,कृपया औपचारिक भाषा प्रयोग गर्नुहोस्।,कृपया औपचारिक भाषा प्रयोग गर।,kripayaa aupachaarika bhaashaa prayoga garnuhos.,kripayaa aupachaarika bhaashaa prayoga gara.
It is half past three.,साढे तिन बजिसकेको छ।,साढे तिन बजिसकेको छ।,saadhe tina bajisakeko chha.,saadhe tina bajisakeko chha.
Which bus goes to Patan?,पाटन जाने बस कुन हो?,पाटन जाने बस कुन हो?,paatana jaane basa kuna ho?,paatana jaane basa kuna ho?
My name is Cooper.,मेरो नाम कूपर हो।,मेरो नाम कूपर हो।,mero naama kuupara ho.,mero naama kuupara ho.
This is my passport.,यो मेरो पासपोर्ट हो।,यो मेरो पासपोर्ट हो।,yo mero paasaporta ho.,yo mero paasaporta ho.
Please wait here.,कृपया यहाँ पर्खनुहोस्।,कृपया यहाँ पर्ख।,kripayaa yahaan parkhanuhos.,kripayaa yahaan parkha.
Is Wi-Fi free here?,के यहाँ वाइफाइ निःशुल्क छ?,के यहाँ वाइफाइ निःशुल्क छ?,ke yahaan waaiphaai nihshulka chha?,ke yahaan waaiphaai nihshulka chha?
Open Google Maps.,गुगल म्याप्स खोल्नुहोस्।,गुगल म्याप्स खोल्नुहोस्।,gugala myaapsa kholnuhos.,gugala myaapsa kholnuhos.
It is two hundred rupees.,यो दुई सय रुपैयाँ हो।,यो दुई सय रुपैयाँ हो।,yo duii saya rupaiyaan ho.,yo duii saya rupaiyaan ho.
I will pay in cash.,म नगदमा भुक्तानी गर्नेछु।,म नगदमा भुक्तानी गर्नेछु।,ma nagadamaa bhuktaanii garnechhu.,ma nagadamaa bhuktaanii garnechhu.
Could you write it down?,तपाईँ यसलाई लेख्न सक्नुहुन्छ?,तिमी यसलाई लेख्न सक्छौ?,tapaaiin yasalaaii lekhna saknuhunchha?,timii yasalaaii lekhna sakchhau?
Can I try this on?,के म यो प्रयास गर्न सक्छु?,के म यो प्रयास गर्न सक्छु?,ke ma yo prayaasa garna sakchhu?,ke ma yo prayaasa garna sakchhu?
Does it hurt here?,यहाँ दुखाइ हुन्छ?,यहाँ दुखाइ हुन्छ?,yahaan dukhaai hunchha?,yahaan dukhaai hunchha?
Is there a cheaper hotel nearby?,के नजिकै सस्तो होटल छ?,के नजिकै सस्तो होटल छ?,ke najikai sasto hotala chha?,ke najikai sasto hotala chha?
Would you like some tea?,के तपाईँलाई केही चिया चाहिएको छ?,के तिमीलाई केही चिया चाहिएको छ?,ke tapaaiinlaaii kehii chiyaa chaahieko chha?,ke timiilaaii kehii chiyaa chaahieko chha?
After you.,तपाईँ पछि।,तिमी पछि।,tapaaiin pachhi.,timii pachhi.
Where are you going?,कहाँ जाँदै हुनुहुन्छ?,कहाँ जाँदै छौ?,kahaan jaandai hunuhunchha?,kahaan jaandai chhau?
I need a taxi.,मलाई ट्याक्सी चाहिन्छ।,मलाई ट्याक्सी चाहिन्छ।,malaaii tyaaksii chaahinchha.,malaaii tyaaksii chaahinchha.
Meet me at Durbar Square.,मलाई दरबार स्क्वायरमा भेट्नुहोस्।,मलाई दरबार स्क्वायरमा भेट्नुहोस्।,malaaii darabaara skwaayaramaa bhetnuhos.,malaaii darabaara skwaayaramaa bhetnuhos.
How is your mother?,तिम्रो आमा कस्तो छिन्?,तिम्रो आमा कस्तो छिन्?,timro aamaa kasto chhin?,timro aamaa kasto chhin?
Please come in.,कृपया भित्र आउनुहोस्।,कृपया भित्र आऊ।,kripayaa bhitra aaunuhos.,kripayaa bhitra aauu.
This is my brother.,यो मेरो भाइ हो।,यो मेरो भाइ हो।,yo mero bhaai ho.,yo mero bhaai ho.
Please take me to the bus station.,कृपया मलाई बस स्टेसनमा लैजानुहोस्।,कृपया मलाई बस स्टेसनमा लैजाऊ।,kripayaa malaaii basa stesanamaa laijaanuhos.,kripayaa malaaii basa stesanamaa laijaauu.
Do you understand?,बुझ्नुहुन्छ?,बुझ्नुहुन्छ?,bujhnuhunchha?,bujhnuhunchha?
Where can I buy a SIM card?,म सिम कार्ड कहाँ किन्न सक्छु?,म सिम कार्ड कहाँ किन्न सक्छु?,ma sima kaarda kahaan kinna sakchhu?,ma sima kaarda kahaan kinna sakchhu?
I need medicine for a headache.,मलाई टाउको दुख्ने औषधि चाहिन्छ।,मलाई टाउको दुख्ने औषधि चाहिन्छ।,malaaii taauko dukhne aushadhi chaahinchha.,malaaii taauko dukhne aushadhi chaahinchha.
That is not right.,त्यो सही होइन।,त्यो सही होइन।,tyo sahii hoina.,tyo sahii hoina.
One thousand rupees.,एक हजार रुपैयाँ।,एक हजार रुपैयाँ।,eka hajaara rupaiyaan.,eka hajaara rupaiyaan.
I want this one.,मलाई यो चाहिन्छ।,मलाई यो चाहिन्छ।,malaaii yo chaahinchha.,malaaii yo chaahinchha.
I feel dizzy.,मलाई चक्कर आउँछ।,मलाई चक्कर आउँछ।,malaaii chakkara aaunchha.,malaaii chakkara aaunchha.
Is this the way to Thamel?,के यही थमेल जाने बाटो हो?,के यही थमेल जाने बाटो हो?,ke yahii thamela jaane baato ho?,ke yahii thamela jaane baato ho?
I am pregnant.,म गर्भवती छु।,म गर्भवती छु।,ma garbhawatii chhu.,ma garbhawatii chhu.
This is good.,यो राम्रो हो।,यो राम्रो हो।,yo raamro ho.,yo raamro ho.
This is my family.,यो मेरो परिवार हो।,यो मेरो परिवार हो।,yo mero pariwaara ho.,yo mero pariwaara ho.
The flight is delayed.,उडान ढिलो भएको छ।,उडान ढिलो भएको छ।,udaana dhilo bhaeko chha.,udaana dhilo bhaeko chha.
Please help me.,कृपया मलाई सहयोग गर्नुहोस्।,कृपया मलाई सहयोग गर।,kripayaa malaaii sahayoga garnuhos.,kripayaa malaaii sahayoga gara.
Is that okay?,के यो ठिक छ?,के यो ठिक छ?,ke yo thika chha?,ke yo thika chha?
Wake me up at six.,मलाई छ बजे उठाउनुहोस्।,मलाई छ बजे उठाउनुहोस्।,malaaii chha baje uthaaunuhos.,malaaii chha baje uthaaunuhos.
Please call a nurse.,कृपया नर्सलाई बोलाउनुहोस्।,कृपया नर्सलाई बोलाऊ।,kripayaa narsalaaii bolaaunuhos.,kripayaa narsalaaii bolaauu.
